{
  "metadata": {
    "sourceUrl": "https://github.com/lukes/ISO-3166-Countries-with-Regional-Codes",
    "retrieved": "2025-10-22T13:40:31.229508Z"
  },
  "countries": [
    {
      "alpha2": "AF",
      "alpha3": "AFG",
      "numeric": "004",
      "name": "Afghanistan",
      "region": "Asia",
      "subRegion": "Southern Asia"
    },
    {
      "alpha2": "AX",
      "alpha3": "ALA",
      "numeric": "248",
      "name": "Åland Islands",
      "region": "Europe",
      "subRegion": "Northern Europe"
    },
    {
      "alpha2": "AL",
      "alpha3": "ALB",
      "numeric": "008",
      "name": "Albania",
      "region": "Europe",
      "subRegion": "Southern Europe"
    },
    {
      "alpha2": "DZ",
      "alpha3": "DZA",
      "numeric": "012",
      "name": "Algeria",
      "region": "Africa",
      "subRegion": "Northern Africa"
    },
    {
      "alpha2": "AS",
      "alpha3": "ASM",
      "numeric": "016",
      "name": "American Samoa",
      "region": "Oceania",
      "subRegion": "Polynesia"
    },
    {
      "alpha2": "AD",
      "alpha3": "AND",
      "numeric": "020",
      "name": "Andorra",
      "region": "Europe",
      "subRegion": "Southern Europe"
    },
    {
      "alpha2": "AO",
      "alpha3": "AGO",
      "numeric": "024",
      "name": "Angola",
      "region": "Africa",
      "subRegion": "Sub-Saharan Africa"
    },
    {
      "alpha2": "AI",
      "alpha3": "AIA",
      "numeric": "660",
      "name": "Anguilla",
      "region": "Americas",
      "subRegion": "Latin America and the Caribbean"
    },
    {
      "alpha2": "AQ",
      "alpha3": "ATA",
      "numeric": "010",
      "name": "Antarctica",
      "region": "",
      "subRegion": ""
    },
    {
      "alpha2": "AG",
      "alpha3": "ATG",
      "numeric": "028",
      "name": "Antigua and Barbuda",
      "region": "Americas",
      "subRegion": "Latin America and the Caribbean"
    },
    {
      "alpha2": "AR",
      "alpha3": "ARG",
      "numeric": "032",
      "name": "Argentina",
      "region": "Americas",
      "subRegion": "Latin America and the Caribbean"
    },
    {
      "alpha2": "AM",
      "alpha3": "ARM",
      "numeric": "051",
      "name": "Armenia",
      "region": "Asia",
      "subRegion": "Western Asia"
    },
    {
      "alpha2": "AW",
      "alpha3": "ABW",
      "numeric": "533",
      "name": "Aruba",
      "region": "Americas",
      "subRegion": "Latin America and the Caribbean"
    },
    {
      "alpha2": "AU",
      "alpha3": "AUS",
      "numeric": "036",
      "name": "Australia",
      "region": "Oceania",
      "subRegion": "Australia and New Zealand"
    },
    {
      "alpha2": "AT",
      "alpha3": "AUT",
      "numeric": "040",
      "name": "Austria",
      "region": "Europe",
      "subRegion": "Western Europe"
    },
    {
      "alpha2": "AZ",
      "alpha3": "AZE",
      "numeric": "031",
      "name": "Azerbaijan",
      "region": "Asia",
      "subRegion": "Western Asia"
    },
    {
      "alpha2": "BS",
      "alpha3": "BHS",
      "numeric": "044",
      "name": "Bahamas",
      "region": "Americas",
      "subRegion": "Latin America and the Caribbean"
    },
    {
      "alpha2": "BH",
      "alpha3": "BHR",
      "numeric": "048",
      "name": "Bahrain",
      "region": "Asia",
      "subRegion": "Western Asia"
    },
    {
      "alpha2": "BD",
      "alpha3": "BGD",
      "numeric": "050",
      "name": "Bangladesh",
      "region": "Asia",
      "subRegion": "Southern Asia"
    },
    {
      "alpha2": "BB",
      "alpha3": "BRB",
      "numeric": "052",
      "name": "Barbados",
      "region": "Americas",
      "subRegion": "Latin America and the Caribbean"
    },
    {
      "alpha2": "BY",
      "alpha3": "BLR",
      "numeric": "112",
      "name": "Belarus",
      "region": "Europe",
      "subRegion": "Eastern Europe"
    },
    {
      "alpha2": "BE",
      "alpha3": "BEL",
      "numeric": "056",
      "name": "Belgium",
      "region": "Europe",
      "subRegion": "Western Europe"
    },
    {
      "alpha2": "BZ",
      "alpha3": "BLZ",
      "numeric": "084",
      "name": "Belize",
      "region": "Americas",
      "subRegion": "Latin America and the Caribbean"
    },
    {
      "alpha2": "BJ",
      "alpha3": "BEN",
      "numeric": "204",
      "name": "Benin",
      "region": "Africa",
      "subRegion": "Sub-Saharan Africa"
    },
    {
      "alpha2": "BM",
      "alpha3": "BMU",
      "numeric": "060",
      "name": "Bermuda",
      "region": "Americas",
      "subRegion": "Northern America"
    },
    {
      "alpha2": "BT",
      "alpha3": "BTN",
      "numeric": "064",
      "name": "Bhutan",
      "region": "Asia",
      "subRegion": "Southern Asia"
    },
    {
      "alpha2": "BO",
      "alpha3": "BOL",
      "numeric": "068",
      "name": "Bolivia, Plurinational State of",
      "region": "Americas",
      "subRegion": "Latin America and the Caribbean"
    },
    {
      "alpha2": "BQ",
      "alpha3": "BES",
      "numeric": "535",
      "name": "Bonaire, Sint Eustatius and Saba",
      "region": "Americas",
      "subRegion": "Latin America and the Caribbean"
    },
    {
      "alpha2": "BA",
      "alpha3": "BIH",
      "numeric": "070",
      "name": "Bosnia and Herzegovina",
      "region": "Europe",
      "subRegion": "Southern Europe"
    },
    {
      "alpha2": "BW",
      "alpha3": "BWA",
      "numeric": "072",
      "name": "Botswana",
      "region": "Africa",
      "subRegion": "Sub-Saharan Africa"
    },
    {
      "alpha2": "BV",
      "alpha3": "BVT",
      "numeric": "074",
      "name": "Bouvet Island",
      "region": "Americas",
      "subRegion": "Latin America and the Caribbean"
    },
    {
      "alpha2": "BR",
      "alpha3": "BRA",
      "numeric": "076",
      "name": "Brazil",
      "region": "Americas",
      "subRegion": "Latin America and the Caribbean"
    },
    {
      "alpha2": "IO",
      "alpha3": "IOT",
      "numeric": "086",
      "name": "British Indian Ocean Territory",
      "region": "Africa",
      "subRegion": "Sub-Saharan Africa"
    },
    {
      "alpha2": "BN",
      "alpha3": "BRN",
      "numeric": "096",
      "name": "Brunei Darussalam",
      "region": "Asia",
      "subRegion": "South-eastern Asia"
    },
    {
      "alpha2": "BG",
      "alpha3": "BGR",
      "numeric": "100",
      "name": "Bulgaria",
      "region": "Europe",
      "subRegion": "Eastern Europe"
    },
    {
      "alpha2": "BF",
      "alpha3": "BFA",
      "numeric": "854",
      "name": "Burkina Faso",
      "region": "Africa",
      "subRegion": "Sub-Saharan Africa"
    },
    {
      "alpha2": "BI",
      "alpha3": "BDI",
      "numeric": "108",
      "name": "Burundi",
      "region": "Africa",
      "subRegion": "Sub-Saharan Africa"
    },
    {
      "alpha2": "CV",
      "alpha3": "CPV",
      "numeric": "132",
      "name": "Cabo Verde",
      "region": "Africa",
      "subRegion": "Sub-Saharan Africa"
    },
    {
      "alpha2": "KH",
      "alpha3": "KHM",
      "numeric": "116",
      "name": "Cambodia",
      "region": "Asia",
      "subRegion": "South-eastern Asia"
    },
    {
      "alpha2": "CM",
      "alpha3": "CMR",
      "numeric": "120",
      "name": "Cameroon",
      "region": "Africa",
      "subRegion": "Sub-Saharan Africa"
    },
    {
      "alpha2": "CA",
      "alpha3": "CAN",
      "numeric": "124",
      "name": "Canada",
      "region": "Americas",
      "subRegion": "Northern America"
    },
    {
      "alpha2": "KY",
      "alpha3": "CYM",
      "numeric": "136",
      "name": "Cayman Islands",
      "region": "Americas",
      "subRegion": "Latin America and the Caribbean"
    },
    {
      "alpha2": "CF",
      "alpha3": "CAF",
      "numeric": "140",
      "name": "Central African Republic",
      "region": "Africa",
      "subRegion": "Sub-Saharan Africa"
    },
    {
      "alpha2": "TD",
      "alpha3": "TCD",
      "numeric": "148",
      "name": "Chad",
      "region": "Africa",
      "subRegion": "Sub-Saharan Africa"
    },
    {
      "alpha2": "CL",
      "alpha3": "CHL",
      "numeric": "152",
      "name": "Chile",
      "region": "Americas",
      "subRegion": "Latin America and the Caribbean"
    },
    {
      "alpha2": "CN",
      "alpha3": "CHN",
      "numeric": "156",
      "name": "China",
      "region": "Asia",
      "subRegion": "Eastern Asia"
    },
    {
      "alpha2": "CX",
      "alpha3": "CXR",
      "numeric": "162",
      "name": "Christmas Island",
      "region": "Oceania",
      "subRegion": "Australia and New Zealand"
    },
    {
      "alpha2": "CC",
      "alpha3": "CCK",
      "numeric": "166",
      "name": "Cocos (Keeling) Islands",
      "region": "Oceania",
      "subRegion": "Australia and New Zealand"
    },
    {
      "alpha2": "CO",
      "alpha3": "COL",
      "numeric": "170",
      "name": "Colombia",
      "region": "Americas",
      "subRegion": "Latin America and the Caribbean"
    },
    {
      "alpha2": "KM",
      "alpha3": "COM",
      "numeric": "174",
      "name": "Comoros",
      "region": "Africa",
      "subRegion": "Sub-Saharan Africa"
    },
    {
      "alpha2": "CG",
      "alpha3": "COG",
      "numeric": "178",
      "name": "Congo",
      "region": "Africa",
      "subRegion": "Sub-Saharan Africa"
    },
    {
      "alpha2": "CD",
      "alpha3": "COD",
      "numeric": "180",
      "name": "Congo, Democratic Republic of the",
      "region": "Africa",
      "subRegion": "Sub-Saharan Africa"
    },
    {
      "alpha2": "CK",
      "alpha3": "COK",
      "numeric": "184",
      "name": "Cook Islands",
      "region": "Oceania",
      "subRegion": "Polynesia"
    },
    {
      "alpha2": "CR",
      "alpha3": "CRI",
      "numeric": "188",
      "name": "Costa Rica",
      "region": "Americas",
      "subRegion": "Latin America and the Caribbean"
    },
    {
      "alpha2": "CI",
      "alpha3": "CIV",
      "numeric": "384",
      "name": "Côte d'Ivoire",
      "region": "Africa",
      "subRegion": "Sub-Saharan Africa"
    },
    {
      "alpha2": "HR",
      "alpha3": "HRV",
      "numeric": "191",
      "name": "Croatia",
      "region": "Europe",
      "subRegion": "Southern Europe"
    },
    {
      "alpha2": "CU",
      "alpha3": "CUB",
      "numeric": "192",
      "name": "Cuba",
      "region": "Americas",
      "subRegion": "Latin America and the Caribbean"
    },
    {
      "alpha2": "CW",
      "alpha3": "CUW",
      "numeric": "531",
      "name": "Curaçao",
      "region": "Americas",
      "subRegion": "Latin America and the Caribbean"
    },
    {
      "alpha2": "CY",
      "alpha3": "CYP",
      "numeric": "196",
      "name": "Cyprus",
      "region": "Asia",
      "subRegion": "Western Asia"
    },
    {
      "alpha2": "CZ",
      "alpha3": "CZE",
      "numeric": "203",
      "name": "Czechia",
      "region": "Europe",
      "subRegion": "Eastern Europe"
    },
    {
      "alpha2": "DK",
      "alpha3": "DNK",
      "numeric": "208",
      "name": "Denmark",
      "region": "Europe",
      "subRegion": "Northern Europe"
    },
    {
      "alpha2": "DJ",
      "alpha3": "DJI",
      "numeric": "262",
      "name": "Djibouti",
      "region": "Africa",
      "subRegion": "Sub-Saharan Africa"
    },
    {
      "alpha2": "DM",
      "alpha3": "DMA",
      "numeric": "212",
      "name": "Dominica",
      "region": "Americas",
      "subRegion": "Latin America and the Caribbean"
    },
    {
      "alpha2": "DO",
      "alpha3": "DOM",
      "numeric": "214",
      "name": "Dominican Republic",
      "region": "Americas",
      "subRegion": "Latin America and the Caribbean"
    },
    {
      "alpha2": "EC",
      "alpha3": "ECU",
      "numeric": "218",
      "name": "Ecuador",
      "region": "Americas",
      "subRegion": "Latin America and the Caribbean"
    },
    {
      "alpha2": "EG",
      "alpha3": "EGY",
      "numeric": "818",
      "name": "Egypt",
      "region": "Africa",
      "subRegion": "Northern Africa"
    },
    {
      "alpha2": "SV",
      "alpha3": "SLV",
      "numeric": "222",
      "name": "El Salvador",
      "region": "Americas",
      "subRegion": "Latin America and the Caribbean"
    },
    {
      "alpha2": "GQ",
      "alpha3": "GNQ",
      "numeric": "226",
      "name": "Equatorial Guinea",
      "region": "Africa",
      "subRegion": "Sub-Saharan Africa"
    },
    {
      "alpha2": "ER",
      "alpha3": "ERI",
      "numeric": "232",
      "name": "Eritrea",
      "region": "Africa",
      "subRegion": "Sub-Saharan Africa"
    },
    {
      "alpha2": "EE",
      "alpha3": "EST",
      "numeric": "233",
      "name": "Estonia",
      "region": "Europe",
      "subRegion": "Northern Europe"
    },
    {
      "alpha2": "SZ",
      "alpha3": "SWZ",
      "numeric": "748",
      "name": "Eswatini",
      "region": "Africa",
      "subRegion": "Sub-Saharan Africa"
    },
    {
      "alpha2": "ET",
      "alpha3": "ETH",
      "numeric": "231",
      "name": "Ethiopia",
      "region": "Africa",
      "subRegion": "Sub-Saharan Africa"
    },
    {
      "alpha2": "FK",
      "alpha3": "FLK",
      "numeric": "238",
      "name": "Falkland Islands (Malvinas)",
      "region": "Americas",
      "subRegion": "Latin America and the Caribbean"
    },
    {
      "alpha2": "FO",
      "alpha3": "FRO",
      "numeric": "234",
      "name": "Faroe Islands",
      "region": "Europe",
      "subRegion": "Northern Europe"
    },
    {
      "alpha2": "FJ",
      "alpha3": "FJI",
      "numeric": "242",
      "name": "Fiji",
      "region": "Oceania",
      "subRegion": "Melanesia"
    },
    {
      "alpha2": "FI",
      "alpha3": "FIN",
      "numeric": "246",
      "name": "Finland",
      "region": "Europe",
      "subRegion": "Northern Europe"
    },
    {
      "alpha2": "FR",
      "alpha3": "FRA",
      "numeric": "250",
      "name": "France",
      "region": "Europe",
      "subRegion": "Western Europe"
    },
    {
      "alpha2": "GF",
      "alpha3": "GUF",
      "numeric": "254",
      "name": "French Guiana",
      "region": "Americas",
      "subRegion": "Latin America and the Caribbean"
    },
    {
      "alpha2": "PF",
      "alpha3": "PYF",
      "numeric": "258",
      "name": "French Polynesia",
      "region": "Oceania",
      "subRegion": "Polynesia"
    },
    {
      "alpha2": "TF",
      "alpha3": "ATF",
      "numeric": "260",
      "name": "French Southern Territories",
      "region": "Africa",
      "subRegion": "Sub-Saharan Africa"
    },
    {
      "alpha2": "GA",
      "alpha3": "GAB",
      "numeric": "266",
      "name": "Gabon",
      "region": "Africa",
      "subRegion": "Sub-Saharan Africa"
    },
    {
      "alpha2": "GM",
      "alpha3": "GMB",
      "numeric": "270",
      "name": "Gambia",
      "region": "Africa",
      "subRegion": "Sub-Saharan Africa"
    },
    {
      "alpha2": "GE",
      "alpha3": "GEO",
      "numeric": "268",
      "name": "Georgia",
      "region": "Asia",
      "subRegion": "Western Asia"
    },
    {
      "alpha2": "DE",
      "alpha3": "DEU",
      "numeric": "276",
      "name": "Germany",
      "region": "Europe",
      "subRegion": "Western Europe"
    },
    {
      "alpha2": "GH",
      "alpha3": "GHA",
      "numeric": "288",
      "name": "Ghana",
      "region": "Africa",
      "subRegion": "Sub-Saharan Africa"
    },
    {
      "alpha2": "GI",
      "alpha3": "GIB",
      "numeric": "292",
      "name": "Gibraltar",
      "region": "Europe",
      "subRegion": "Southern Europe"
    },
    {
      "alpha2": "GR",
      "alpha3": "GRC",
      "numeric": "300",
      "name": "Greece",
      "region": "Europe",
      "subRegion": "Southern Europe"
    },
    {
      "alpha2": "GL",
      "alpha3": "GRL",
      "numeric": "304",
      "name": "Greenland",
      "region": "Americas",
      "subRegion": "Northern America"
    },
    {
      "alpha2": "GD",
      "alpha3": "GRD",
      "numeric": "308",
      "name": "Grenada",
      "region": "Americas",
      "subRegion": "Latin America and the Caribbean"
    },
    {
      "alpha2": "GP",
      "alpha3": "GLP",
      "numeric": "312",
      "name": "Guadeloupe",
      "region": "Americas",
      "subRegion": "Latin America and the Caribbean"
    },
    {
      "alpha2": "GU",
      "alpha3": "GUM",
      "numeric": "316",
      "name": "Guam",
      "region": "Oceania",
      "subRegion": "Micronesia"
    },
    {
      "alpha2": "GT",
      "alpha3": "GTM",
      "numeric": "320",
      "name": "Guatemala",
      "region": "Americas",
      "subRegion": "Latin America and the Caribbean"
    },
    {
      "alpha2": "GG",
      "alpha3": "GGY",
      "numeric": "831",
      "name": "Guernsey",
      "region": "Europe",
      "subRegion": "Northern Europe"
    },
    {
      "alpha2": "GN",
      "alpha3": "GIN",
      "numeric": "324",
      "name": "Guinea",
      "region": "Africa",
      "subRegion": "Sub-Saharan Africa"
    },
    {
      "alpha2": "GW",
      "alpha3": "GNB",
      "numeric": "624",
      "name": "Guinea-Bissau",
      "region": "Africa",
      "subRegion": "Sub-Saharan Africa"
    },
    {
      "alpha2": "GY",
      "alpha3": "GUY",
      "numeric": "328",
      "name": "Guyana",
      "region": "Americas",
      "subRegion": "Latin America and the Caribbean"
    },
    {
      "alpha2": "HT",
      "alpha3": "HTI",
      "numeric": "332",
      "name": "Haiti",
      "region": "Americas",
      "subRegion": "Latin America and the Caribbean"
    },
    {
      "alpha2": "HM",
      "alpha3": "HMD",
      "numeric": "334",
      "name": "Heard Island and McDonald Islands",
      "region": "Oceania",
      "subRegion": "Australia and New Zealand"
    },
    {
      "alpha2": "VA",
      "alpha3": "VAT",
      "numeric": "336",
      "name": "Holy See",
      "region": "Europe",
      "subRegion": "Southern Europe"
    },
    {
      "alpha2": "HN",
      "alpha3": "HND",
      "numeric": "340",
      "name": "Honduras",
      "region": "Americas",
      "subRegion": "Latin America and the Caribbean"
    },
    {
      "alpha2": "HK",
      "alpha3": "HKG",
      "numeric": "344",
      "name": "Hong Kong",
      "region": "Asia",
      "subRegion": "Eastern Asia"
    },
    {
      "alpha2": "HU",
      "alpha3": "HUN",
      "numeric": "348",
      "name": "Hungary",
      "region": "Europe",
      "subRegion": "Eastern Europe"
    },
    {
      "alpha2": "IS",
      "alpha3": "ISL",
      "numeric": "352",
      "name": "Iceland",
      "region": "Europe",
      "subRegion": "Northern Europe"
    },
    {
      "alpha2": "IN",
      "alpha3": "IND",
      "numeric": "356",
      "name": "India",
      "region": "Asia",
      "subRegion": "Southern Asia"
    },
    {
      "alpha2": "ID",
      "alpha3": "IDN",
      "numeric": "360",
      "name": "Indonesia",
      "region": "Asia",
      "subRegion": "South-eastern Asia"
    },
    {
      "alpha2": "IR",
      "alpha3": "IRN",
      "numeric": "364",
      "name": "Iran, Islamic Republic of",
      "region": "Asia",
      "subRegion": "Southern Asia"
    },
    {
      "alpha2": "IQ",
      "alpha3": "IRQ",
      "numeric": "368",
      "name": "Iraq",
      "region": "Asia",
      "subRegion": "Western Asia"
    },
    {
      "alpha2": "IE",
      "alpha3": "IRL",
      "numeric": "372",
      "name": "Ireland",
      "region": "Europe",
      "subRegion": "Northern Europe"
    },
    {
      "alpha2": "IM",
      "alpha3": "IMN",
      "numeric": "833",
      "name": "Isle of Man",
      "region": "Europe",
      "subRegion": "Northern Europe"
    },
    {
      "alpha2": "IL",
      "alpha3": "ISR",
      "numeric": "376",
      "name": "Israel",
      "region": "Asia",
      "subRegion": "Western Asia"
    },
    {
      "alpha2": "IT",
      "alpha3": "ITA",
      "numeric": "380",
      "name": "Italy",
      "region": "Europe",
      "subRegion": "Southern Europe"
    },
    {
      "alpha2": "JM",
      "alpha3": "JAM",
      "numeric": "388",
      "name": "Jamaica",
      "region": "Americas",
      "subRegion": "Latin America and the Caribbean"
    },
    {
      "alpha2": "JP",
      "alpha3": "JPN",
      "numeric": "392",
      "name": "Japan",
      "region": "Asia",
      "subRegion": "Eastern Asia"
    },
    {
      "alpha2": "JE",
      "alpha3": "JEY",
      "numeric": "832",
      "name": "Jersey",
      "region": "Europe",
      "subRegion": "Northern Europe"
    },
    {
      "alpha2": "JO",
      "alpha3": "JOR",
      "numeric": "400",
      "name": "Jordan",
      "region": "Asia",
      "subRegion": "Western Asia"
    },
    {
      "alpha2": "KZ",
      "alpha3": "KAZ",
      "numeric": "398",
      "name": "Kazakhstan",
      "region": "Asia",
      "subRegion": "Central Asia"
    },
    {
      "alpha2": "KE",
      "alpha3": "KEN",
      "numeric": "404",
      "name": "Kenya",
      "region": "Africa",
      "subRegion": "Sub-Saharan Africa"
    },
    {
      "alpha2": "KI",
      "alpha3": "KIR",
      "numeric": "296",
      "name": "Kiribati",
      "region": "Oceania",
      "subRegion": "Micronesia"
    },
    {
      "alpha2": "KP",
      "alpha3": "PRK",
      "numeric": "408",
      "name": "Korea, Democratic People's Republic of",
      "region": "Asia",
      "subRegion": "Eastern Asia"
    },
    {
      "alpha2": "KR",
      "alpha3": "KOR",
      "numeric": "410",
      "name": "Korea, Republic of",
      "region": "Asia",
      "subRegion": "Eastern Asia"
    },
    {
      "alpha2": "KW",
      "alpha3": "KWT",
      "numeric": "414",
      "name": "Kuwait",
      "region": "Asia",
      "subRegion": "Western Asia"
    },
    {
      "alpha2": "KG",
      "alpha3": "KGZ",
      "numeric": "417",
      "name": "Kyrgyzstan",
      "region": "Asia",
      "subRegion": "Central Asia"
    },
    {
      "alpha2": "LA",
      "alpha3": "LAO",
      "numeric": "418",
      "name": "Lao People's Democratic Republic",
      "region": "Asia",
      "subRegion": "South-eastern Asia"
    },
    {
      "alpha2": "LV",
      "alpha3": "LVA",
      "numeric": "428",
      "name": "Latvia",
      "region": "Europe",
      "subRegion": "Northern Europe"
    },
    {
      "alpha2": "LB",
      "alpha3": "LBN",
      "numeric": "422",
      "name": "Lebanon",
      "region": "Asia",
      "subRegion": "Western Asia"
    },
    {
      "alpha2": "LS",
      "alpha3": "LSO",
      "numeric": "426",
      "name": "Lesotho",
      "region": "Africa",
      "subRegion": "Sub-Saharan Africa"
    },
    {
      "alpha2": "LR",
      "alpha3": "LBR",
      "numeric": "430",
      "name": "Liberia",
      "region": "Africa",
      "subRegion": "Sub-Saharan Africa"
    },
    {
      "alpha2": "LY",
      "alpha3": "LBY",
      "numeric": "434",
      "name": "Libya",
      "region": "Africa",
      "subRegion": "Northern Africa"
    },
    {
      "alpha2": "LI",
      "alpha3": "LIE",
      "numeric": "438",
      "name": "Liechtenstein",
      "region": "Europe",
      "subRegion": "Western Europe"
    },
    {
      "alpha2": "LT",
      "alpha3": "LTU",
      "numeric": "440",
      "name": "Lithuania",
      "region": "Europe",
      "subRegion": "Northern Europe"
    },
    {
      "alpha2": "LU",
      "alpha3": "LUX",
      "numeric": "442",
      "name": "Luxembourg",
      "region": "Europe",
      "subRegion": "Western Europe"
    },
    {
      "alpha2": "MO",
      "alpha3": "MAC",
      "numeric": "446",
      "name": "Macao",
      "region": "Asia",
      "subRegion": "Eastern Asia"
    },
    {
      "alpha2": "MG",
      "alpha3": "MDG",
      "numeric": "450",
      "name": "Madagascar",
      "region": "Africa",
      "subRegion": "Sub-Saharan Africa"
    },
    {
      "alpha2": "MW",
      "alpha3": "MWI",
      "numeric": "454",
      "name": "Malawi",
      "region": "Africa",
      "subRegion": "Sub-Saharan Africa"
    },
    {
      "alpha2": "MY",
      "alpha3": "MYS",
      "numeric": "458",
      "name": "Malaysia",
      "region": "Asia",
      "subRegion": "South-eastern Asia"
    },
    {
      "alpha2": "MV",
      "alpha3": "MDV",
      "numeric": "462",
      "name": "Maldives",
      "region": "Asia",
      "subRegion": "Southern Asia"
    },
    {
      "alpha2": "ML",
      "alpha3": "MLI",
      "numeric": "466",
      "name": "Mali",
      "region": "Africa",
      "subRegion": "Sub-Saharan Africa"
    },
    {
      "alpha2": "MT",
      "alpha3": "MLT",
      "numeric": "470",
      "name": "Malta",
      "region": "Europe",
      "subRegion": "Southern Europe"
    },
    {
      "alpha2": "MH",
      "alpha3": "MHL",
      "numeric": "584",
      "name": "Marshall Islands",
      "region": "Oceania",
      "subRegion": "Micronesia"
    },
    {
      "alpha2": "MQ",
      "alpha3": "MTQ",
      "numeric": "474",
      "name": "Martinique",
      "region": "Americas",
      "subRegion": "Latin America and the Caribbean"
    },
    {
      "alpha2": "MR",
      "alpha3": "MRT",
      "numeric": "478",
      "name": "Mauritania",
      "region": "Africa",
      "subRegion": "Sub-Saharan Africa"
    },
    {
      "alpha2": "MU",
      "alpha3": "MUS",
      "numeric": "480",
      "name": "Mauritius",
      "region": "Africa",
      "subRegion": "Sub-Saharan Africa"
    },
    {
      "alpha2": "YT",
      "alpha3": "MYT",
      "numeric": "175",
      "name": "Mayotte",
      "region": "Africa",
      "subRegion": "Sub-Saharan Africa"
    },
    {
      "alpha2": "MX",
      "alpha3": "MEX",
      "numeric": "484",
      "name": "Mexico",
      "region": "Americas",
      "subRegion": "Latin America and the Caribbean"
    },
    {
      "alpha2": "FM",
      "alpha3": "FSM",
      "numeric": "583",
      "name": "Micronesia, Federated States of",
      "region": "Oceania",
      "subRegion": "Micronesia"
    },
    {
      "alpha2": "MD",
      "alpha3": "MDA",
      "numeric": "498",
      "name": "Moldova, Republic of",
      "region": "Europe",
      "subRegion": "Eastern Europe"
    },
    {
      "alpha2": "MC",
      "alpha3": "MCO",
      "numeric": "492",
      "name": "Monaco",
      "region": "Europe",
      "subRegion": "Western Europe"
    },
    {
      "alpha2": "MN",
      "alpha3": "MNG",
      "numeric": "496",
      "name": "Mongolia",
      "region": "Asia",
      "subRegion": "Eastern Asia"
    },
    {
      "alpha2": "ME",
      "alpha3": "MNE",
      "numeric": "499",
      "name": "Montenegro",
      "region": "Europe",
      "subRegion": "Southern Europe"
    },
    {
      "alpha2": "MS",
      "alpha3": "MSR",
      "numeric": "500",
      "name": "Montserrat",
      "region": "Americas",
      "subRegion": "Latin America and the Caribbean"
    },
    {
      "alpha2": "MA",
      "alpha3": "MAR",
      "numeric": "504",
      "name": "Morocco",
      "region": "Africa",
      "subRegion": "Northern Africa"
    },
    {
      "alpha2": "MZ",
      "alpha3": "MOZ",
      "numeric": "508",
      "name": "Mozambique",
      "region": "Africa",
      "subRegion": "Sub-Saharan Africa"
    },
    {
      "alpha2": "MM",
      "alpha3": "MMR",
      "numeric": "104",
      "name": "Myanmar",
      "region": "Asia",
      "subRegion": "South-eastern Asia"
    },
    {
      "alpha2": "NA",
      "alpha3": "NAM",
      "numeric": "516",
      "name": "Namibia",
      "region": "Africa",
      "subRegion": "Sub-Saharan Africa"
    },
    {
      "alpha2": "NR",
      "alpha3": "NRU",
      "numeric": "520",
      "name": "Nauru",
      "region": "Oceania",
      "subRegion": "Micronesia"
    },
    {
      "alpha2": "NP",
      "alpha3": "NPL",
      "numeric": "524",
      "name": "Nepal",
      "region": "Asia",
      "subRegion": "Southern Asia"
    },
    {
      "alpha2": "NL",
      "alpha3": "NLD",
      "numeric": "528",
      "name": "Netherlands, Kingdom of the",
      "region": "Europe",
      "subRegion": "Western Europe"
    },
    {
      "alpha2": "NC",
      "alpha3": "NCL",
      "numeric": "540",
      "name": "New Caledonia",
      "region": "Oceania",
      "subRegion": "Melanesia"
    },
    {
      "alpha2": "NZ",
      "alpha3": "NZL",
      "numeric": "554",
      "name": "New Zealand",
      "region": "Oceania",
      "subRegion": "Australia and New Zealand"
    },
    {
      "alpha2": "NI",
      "alpha3": "NIC",
      "numeric": "558",
      "name": "Nicaragua",
      "region": "Americas",
      "subRegion": "Latin America and the Caribbean"
    },
    {
      "alpha2": "NE",
      "alpha3": "NER",
      "numeric": "562",
      "name": "Niger",
      "region": "Africa",
      "subRegion": "Sub-Saharan Africa"
    },
    {
      "alpha2": "NG",
      "alpha3": "NGA",
      "numeric": "566",
      "name": "Nigeria",
      "region": "Africa",
      "subRegion": "Sub-Saharan Africa"
    },
    {
      "alpha2": "NU",
      "alpha3": "NIU",
      "numeric": "570",
      "name": "Niue",
      "region": "Oceania",
      "subRegion": "Polynesia"
    },
    {
      "alpha2": "NF",
      "alpha3": "NFK",
      "numeric": "574",
      "name": "Norfolk Island",
      "region": "Oceania",
      "subRegion": "Australia and New Zealand"
    },
    {
      "alpha2": "MK",
      "alpha3": "MKD",
      "numeric": "807",
      "name": "North Macedonia",
      "region": "Europe",
      "subRegion": "Southern Europe"
    },
    {
      "alpha2": "MP",
      "alpha3": "MNP",
      "numeric": "580",
      "name": "Northern Mariana Islands",
      "region": "Oceania",
      "subRegion": "Micronesia"
    },
    {
      "alpha2": "NO",
      "alpha3": "NOR",
      "numeric": "578",
      "name": "Norway",
      "region": "Europe",
      "subRegion": "Northern Europe"
    },
    {
      "alpha2": "OM",
      "alpha3": "OMN",
      "numeric": "512",
      "name": "Oman",
      "region": "Asia",
      "subRegion": "Western Asia"
    },
    {
      "alpha2": "PK",
      "alpha3": "PAK",
      "numeric": "586",
      "name": "Pakistan",
      "region": "Asia",
      "subRegion": "Southern Asia"
    },
    {
      "alpha2": "PW",
      "alpha3": "PLW",
      "numeric": "585",
      "name": "Palau",
      "region": "Oceania",
      "subRegion": "Micronesia"
    },
    {
      "alpha2": "PS",
      "alpha3": "PSE",
      "numeric": "275",
      "name": "Palestine, State of",
      "region": "Asia",
      "subRegion": "Western Asia"
    },
    {
      "alpha2": "PA",
      "alpha3": "PAN",
      "numeric": "591",
      "name": "Panama",
      "region": "Americas",
      "subRegion": "Latin America and the Caribbean"
    },
    {
      "alpha2": "PG",
      "alpha3": "PNG",
      "numeric": "598",
      "name": "Papua New Guinea",
      "region": "Oceania",
      "subRegion": "Melanesia"
    },
    {
      "alpha2": "PY",
      "alpha3": "PRY",
      "numeric": "600",
      "name": "Paraguay",
      "region": "Americas",
      "subRegion": "Latin America and the Caribbean"
    },
    {
      "alpha2": "PE",
      "alpha3": "PER",
      "numeric": "604",
      "name": "Peru",
      "region": "Americas",
      "subRegion": "Latin America and the Caribbean"
    },
    {
      "alpha2": "PH",
      "alpha3": "PHL",
      "numeric": "608",
      "name": "Philippines",
      "region": "Asia",
      "subRegion": "South-eastern Asia"
    },
    {
      "alpha2": "PN",
      "alpha3": "PCN",
      "numeric": "612",
      "name": "Pitcairn",
      "region": "Oceania",
      "subRegion": "Polynesia"
    },
    {
      "alpha2": "PL",
      "alpha3": "POL",
      "numeric": "616",
      "name": "Poland",
      "region": "Europe",
      "subRegion": "Eastern Europe"
    },
    {
      "alpha2": "PT",
      "alpha3": "PRT",
      "numeric": "620",
      "name": "Portugal",
      "region": "Europe",
      "subRegion": "Southern Europe"
    },
    {
      "alpha2": "PR",
      "alpha3": "PRI",
      "numeric": "630",
      "name": "Puerto Rico",
      "region": "Americas",
      "subRegion": "Latin America and the Caribbean"
    },
    {
      "alpha2": "QA",
      "alpha3": "QAT",
      "numeric": "634",
      "name": "Qatar",
      "region": "Asia",
      "subRegion": "Western Asia"
    },
    {
      "alpha2": "RE",
      "alpha3": "REU",
      "numeric": "638",
      "name": "Réunion",
      "region": "Africa",
      "subRegion": "Sub-Saharan Africa"
    },
    {
      "alpha2": "RO",
      "alpha3": "ROU",
      "numeric": "642",
      "name": "Romania",
      "region": "Europe",
      "subRegion": "Eastern Europe"
    },
    {
      "alpha2": "RU",
      "alpha3": "RUS",
      "numeric": "643",
      "name": "Russian Federation",
      "region": "Europe",
      "subRegion": "Eastern Europe"
    },
    {
      "alpha2": "RW",
      "alpha3": "RWA",
      "numeric": "646",
      "name": "Rwanda",
      "region": "Africa",
      "subRegion": "Sub-Saharan Africa"
    },
    {
      "alpha2": "BL",
      "alpha3": "BLM",
      "numeric": "652",
      "name": "Saint Barthélemy",
      "region": "Americas",
      "subRegion": "Latin America and the Caribbean"
    },
    {
      "alpha2": "SH",
      "alpha3": "SHN",
      "numeric": "654",
      "name": "Saint Helena, Ascension and Tristan da Cunha",
      "region": "Africa",
      "subRegion": "Sub-Saharan Africa"
    },
    {
      "alpha2": "KN",
      "alpha3": "KNA",
      "numeric": "659",
      "name": "Saint Kitts and Nevis",
      "region": "Americas",
      "subRegion": "Latin America and the Caribbean"
    },
    {
      "alpha2": "LC",
      "alpha3": "LCA",
      "numeric": "662",
      "name": "Saint Lucia",
      "region": "Americas",
      "subRegion": "Latin America and the Caribbean"
    },
    {
      "alpha2": "MF",
      "alpha3": "MAF",
      "numeric": "663",
      "name": "Saint Martin (French part)",
      "region": "Americas",
      "subRegion": "Latin America and the Caribbean"
    },
    {
      "alpha2": "PM",
      "alpha3": "SPM",
      "numeric": "666",
      "name": "Saint Pierre and Miquelon",
      "region": "Americas",
      "subRegion": "Northern America"
    },
    {
      "alpha2": "VC",
      "alpha3": "VCT",
      "numeric": "670",
      "name": "Saint Vincent and the Grenadines",
      "region": "Americas",
      "subRegion": "Latin America and the Caribbean"
    },
    {
      "alpha2": "WS",
      "alpha3": "WSM",
      "numeric": "882",
      "name": "Samoa",
      "region": "Oceania",
      "subRegion": "Polynesia"
    },
    {
      "alpha2": "SM",
      "alpha3": "SMR",
      "numeric": "674",
      "name": "San Marino",
      "region": "Europe",
      "subRegion": "Southern Europe"
    },
    {
      "alpha2": "ST",
      "alpha3": "STP",
      "numeric": "678",
      "name": "Sao Tome and Principe",
      "region": "Africa",
      "subRegion": "Sub-Saharan Africa"
    },
    {
      "alpha2": "SA",
      "alpha3": "SAU",
      "numeric": "682",
      "name": "Saudi Arabia",
      "region": "Asia",
      "subRegion": "Western Asia"
    },
    {
      "alpha2": "SN",
      "alpha3": "SEN",
      "numeric": "686",
      "name": "Senegal",
      "region": "Africa",
      "subRegion": "Sub-Saharan Africa"
    },
    {
      "alpha2": "RS",
      "alpha3": "SRB",
      "numeric": "688",
      "name": "Serbia",
      "region": "Europe",
      "subRegion": "Southern Europe"
    },
    {
      "alpha2": "SC",
      "alpha3": "SYC",
      "numeric": "690",
      "name": "Seychelles",
      "region": "Africa",
      "subRegion": "Sub-Saharan Africa"
    },
    {
      "alpha2": "SL",
      "alpha3": "SLE",
      "numeric": "694",
      "name": "Sierra Leone",
      "region": "Africa",
      "subRegion": "Sub-Saharan Africa"
    },
    {
      "alpha2": "SG",
      "alpha3": "SGP",
      "numeric": "702",
      "name": "Singapore",
      "region": "Asia",
      "subRegion": "South-eastern Asia"
    },
    {
      "alpha2": "SX",
      "alpha3": "SXM",
      "numeric": "534",
      "name": "Sint Maarten (Dutch part)",
      "region": "Americas",
      "subRegion": "Latin America and the Caribbean"
    },
    {
      "alpha2": "SK",
      "alpha3": "SVK",
      "numeric": "703",
      "name": "Slovakia",
      "region": "Europe",
      "subRegion": "Eastern Europe"
    },
    {
      "alpha2": "SI",
      "alpha3": "SVN",
      "numeric": "705",
      "name": "Slovenia",
      "region": "Europe",
      "subRegion": "Southern Europe"
    },
    {
      "alpha2": "SB",
      "alpha3": "SLB",
      "numeric": "090",
      "name": "Solomon Islands",
      "region": "Oceania",
      "subRegion": "Melanesia"
    },
    {
      "alpha2": "SO",
      "alpha3": "SOM",
      "numeric": "706",
      "name": "Somalia",
      "region": "Africa",
      "subRegion": "Sub-Saharan Africa"
    },
    {
      "alpha2": "ZA",
      "alpha3": "ZAF",
      "numeric": "710",
      "name": "South Africa",
      "region": "Africa",
      "subRegion": "Sub-Saharan Africa"
    },
    {
      "alpha2": "GS",
      "alpha3": "SGS",
      "numeric": "239",
      "name": "South Georgia and the South Sandwich Islands",
      "region": "Americas",
      "subRegion": "Latin America and the Caribbean"
    },
    {
      "alpha2": "SS",
      "alpha3": "SSD",
      "numeric": "728",
      "name": "South Sudan",
      "region": "Africa",
      "subRegion": "Sub-Saharan Africa"
    },
    {
      "alpha2": "ES",
      "alpha3": "ESP",
      "numeric": "724",
      "name": "Spain",
      "region": "Europe",
      "subRegion": "Southern Europe"
    },
    {
      "alpha2": "LK",
      "alpha3": "LKA",
      "numeric": "144",
      "name": "Sri Lanka",
      "region": "Asia",
      "subRegion": "Southern Asia"
    },
    {
      "alpha2": "SD",
      "alpha3": "SDN",
      "numeric": "729",
      "name": "Sudan",
      "region": "Africa",
      "subRegion": "Northern Africa"
    },
    {
      "alpha2": "SR",
      "alpha3": "SUR",
      "numeric": "740",
      "name": "Suriname",
      "region": "Americas",
      "subRegion": "Latin America and the Caribbean"
    },
    {
      "alpha2": "SJ",
      "alpha3": "SJM",
      "numeric": "744",
      "name": "Svalbard and Jan Mayen",
      "region": "Europe",
      "subRegion": "Northern Europe"
    },
    {
      "alpha2": "SE",
      "alpha3": "SWE",
      "numeric": "752",
      "name": "Sweden",
      "region": "Europe",
      "subRegion": "Northern Europe"
    },
    {
      "alpha2": "CH",
      "alpha3": "CHE",
      "numeric": "756",
      "name": "Switzerland",
      "region": "Europe",
      "subRegion": "Western Europe"
    },
    {
      "alpha2": "SY",
      "alpha3": "SYR",
      "numeric": "760",
      "name": "Syrian Arab Republic",
      "region": "Asia",
      "subRegion": "Western Asia"
    },
    {
      "alpha2": "TW",
      "alpha3": "TWN",
      "numeric": "158",
      "name": "Taiwan, Province of China",
      "region": null,
      "subRegion": null
    },
    {
      "alpha2": "TJ",
      "alpha3": "TJK",
      "numeric": "762",
      "name": "Tajikistan",
      "region": "Asia",
      "subRegion": "Central Asia"
    },
    {
      "alpha2": "TZ",
      "alpha3": "TZA",
      "numeric": "834",
      "name": "Tanzania, United Republic of",
      "region": "Africa",
      "subRegion": "Sub-Saharan Africa"
    },
    {
      "alpha2": "TH",
      "alpha3": "THA",
      "numeric": "764",
      "name": "Thailand",
      "region": "Asia",
      "subRegion": "South-eastern Asia"
    },
    {
      "alpha2": "TL",
      "alpha3": "TLS",
      "numeric": "626",
      "name": "Timor-Leste",
      "region": "Asia",
      "subRegion": "South-eastern Asia"
    },
    {
      "alpha2": "TG",
      "alpha3": "TGO",
      "numeric": "768",
      "name": "Togo",
      "region": "Africa",
      "subRegion": "Sub-Saharan Africa"
    },
    {
      "alpha2": "TK",
      "alpha3": "TKL",
      "numeric": "772",
      "name": "Tokelau",
      "region": "Oceania",
      "subRegion": "Polynesia"
    },
    {
      "alpha2": "TO",
      "alpha3": "TON",
      "numeric": "776",
      "name": "Tonga",
      "region": "Oceania",
      "subRegion": "Polynesia"
    },
    {
      "alpha2": "TT",
      "alpha3": "TTO",
      "numeric": "780",
      "name": "Trinidad and Tobago",
      "region": "Americas",
      "subRegion": "Latin America and the Caribbean"
    },
    {
      "alpha2": "TN",
      "alpha3": "TUN",
      "numeric": "788",
      "name": "Tunisia",
      "region": "Africa",
      "subRegion": "Northern Africa"
    },
    {
      "alpha2": "TR",
      "alpha3": "TUR",
      "numeric": "792",
      "name": "Türkiye",
      "region": "Asia",
      "subRegion": "Western Asia"
    },
    {
      "alpha2": "TM",
      "alpha3": "TKM",
      "numeric": "795",
      "name": "Turkmenistan",
      "region": "Asia",
      "subRegion": "Central Asia"
    },
    {
      "alpha2": "TC",
      "alpha3": "TCA",
      "numeric": "796",
      "name": "Turks and Caicos Islands",
      "region": "Americas",
      "subRegion": "Latin America and the Caribbean"
    },
    {
      "alpha2": "TV",
      "alpha3": "TUV",
      "numeric": "798",
      "name": "Tuvalu",
      "region": "Oceania",
      "subRegion": "Polynesia"
    },
    {
      "alpha2": "UG",
      "alpha3": "UGA",
      "numeric": "800",
      "name": "Uganda",
      "region": "Africa",
      "subRegion": "Sub-Saharan Africa"
    },
    {
      "alpha2": "UA",
      "alpha3": "UKR",
      "numeric": "804",
      "name": "Ukraine",
      "region": "Europe",
      "subRegion": "Eastern Europe"
    },
    {
      "alpha2": "AE",
      "alpha3": "ARE",
      "numeric": "784",
      "name": "United Arab Emirates",
      "region": "Asia",
      "subRegion": "Western Asia"
    },
    {
      "alpha2": "GB",
      "alpha3": "GBR",
      "numeric": "826",
      "name": "United Kingdom of Great Britain and Northern Ireland",
      "region": "Europe",
      "subRegion": "Northern Europe"
    },
    {
      "alpha2": "US",
      "alpha3": "USA",
      "numeric": "840",
      "name": "United States of America",
      "region": "Americas",
      "subRegion": "Northern America"
    },
    {
      "alpha2": "UM",
      "alpha3": "UMI",
      "numeric": "581",
      "name": "United States Minor Outlying Islands",
      "region": "Oceania",
      "subRegion": "Micronesia"
    },
    {
      "alpha2": "UY",
      "alpha3": "URY",
      "numeric": "858",
      "name": "Uruguay",
      "region": "Americas",
      "subRegion": "Latin America and the Caribbean"
    },
    {
      "alpha2": "UZ",
      "alpha3": "UZB",
      "numeric": "860",
      "name": "Uzbekistan",
      "region": "Asia",
      "subRegion": "Central Asia"
    },
    {
      "alpha2": "VU",
      "alpha3": "VUT",
      "numeric": "548",
      "name": "Vanuatu",
      "region": "Oceania",
      "subRegion": "Melanesia"
    },
    {
      "alpha2": "VE",
      "alpha3": "VEN",
      "numeric": "862",
      "name": "Venezuela, Bolivarian Republic of",
      "region": "Americas",
      "subRegion": "Latin America and the Caribbean"
    },
    {
      "alpha2": "VN",
      "alpha3": "VNM",
      "numeric": "704",
      "name": "Viet Nam",
      "region": "Asia",
      "subRegion": "South-eastern Asia"
    },
    {
      "alpha2": "VG",
      "alpha3": "VGB",
      "numeric": "092",
      "name": "Virgin Islands (British)",
      "region": "Americas",
      "subRegion": "Latin America and the Caribbean"
    },
    {
      "alpha2": "VI",
      "alpha3": "VIR",
      "numeric": "850",
      "name": "Virgin Islands (U.S.)",
      "region": "Americas",
      "subRegion": "Latin America and the Caribbean"
    },
    {
      "alpha2": "WF",
      "alpha3": "WLF",
      "numeric": "876",
      "name": "Wallis and Futuna",
      "region": "Oceania",
      "subRegion": "Polynesia"
    },
    {
      "alpha2": "EH",
      "alpha3": "ESH",
      "numeric": "732",
      "name": "Western Sahara",
      "region": "Africa",
      "subRegion": "Northern Africa"
    },
    {
      "alpha2": "YE",
      "alpha3": "YEM",
      "numeric": "887",
      "name": "Yemen",
      "region": "Asia",
      "subRegion": "Western Asia"
    },
    {
      "alpha2": "ZM",
      "alpha3": "ZMB",
      "numeric": "894",
      "name": "Zambia",
      "region": "Africa",
      "subRegion": "Sub-Saharan Africa"
    },
    {
      "alpha2": "ZW",
      "alpha3": "ZWE",
      "numeric": "716",
      "name": "Zimbabwe",
      "region": "Africa",
      "subRegion": "Sub-Saharan Africa"
    }
  ]
}
